Nummer,Artikel
2001995,GN X - ZUB - Verteiler - Stütze - Oben - 63
2001867,GN X - ZUB - Verteiler - Stütze - Unten - 63
2001869,GN X - ZUB - Verteiler - Stütze - Oben - 75
2001868,GN X - ZUB - Verteiler - Stütze - Unten - 75
2001856,GN X - ZUB - Verteiler - Stütze - Oben - 90
2001848,GN X - ZUB - Verteiler - Stütze - Unten - 90
2001857,GN X - ZUB - Verteiler - Stütze - Oben - 110
2001849,GN X - ZUB - Verteiler - Stütze - Unten - 110
2001837,GN X - ZUB - Verteiler - Stütze - Oben - 125
2001838,GN X - ZUB - Verteiler - Stütze - Unten - 125
2001858,GN X - ZUB - Verteiler - Stütze - Oben - 140
2001850,GN X - ZUB - Verteiler - Stütze - Unten - 140
2001859,GN X - ZUB - Verteiler - Stütze - Oben - 160
2001851,GN X - ZUB - Verteiler - Stütze - Unten - 160
2001860,GN X - ZUB - Verteiler - Stütze - Oben - 180
2001852,GN X - ZUB - Verteiler - Stütze - Unten - 180
2001835,GN X - ZUB - Verteiler - Stütze - Oben - 200
2001853,GN X - ZUB - Verteiler - Stütze - Unten - 200
